Review_Text,Review,Sentimen_Asli,Sentimen_Prediksi
ini game bagus asli seneng aku main game ini cuman untuk keluhanku sih kan mengingat game ini pake unity coba kalau bisa yang anti aliasingnya jangan terlalu tebal dong karna jadinya burem banget asli dipoles tapi jangan plus dengan kabutnya karna jadi burem kelihatannya udah itu aja keluhan ku semoga dibaca🙏,bagus asli senang cuman keluh pakai unity coba anti aliasingnya tebal buram asli poles plus kabut buram keluh ku moga baca,Positive,Positive
Red pity,red pity,Positive,Positive
game cukup oke cuma saat cutscene subtitle nya hilang,oke cutscene subtitle hilang,Negative,Positive
Keren,keren,Positive,Positive
"Makasih zzz setelah main game ini rasanya kayak tempat pulang pokoknya bagus, baru ketemu game yang bisa se frekuensi makasih 😭",terima kasih pulang pokok bagus ketemu frekuensi terima kasih,Positive,Positive
Absolutely,absolutely,Positive,Positive
best game ever,best ever,Positive,Positive
bagus lah,bagus,Positive,Positive
keren banget sumpah grafik nya memanjakan mata 👀,keren sumpah grafik manja,Negative,Positive
Keren banget game nya the best lah,keren the best,Positive,Positive
best lah😂🤭,best,Positive,Positive
Bagus,bagus,Positive,Positive
enjoying the story,enjoying the story,Positive,Positive
Bagus,bagus,Positive,Positive
nice,nice,Positive,Positive
bagussssss ZENLESS ZONE ZERO Aku sukaaa rating ∞∞∞ 😄😄😄😁😄😁😄😁😄😁😄😁😄😄😁😄😄😁😁😁😃😄😃😄😄😄😄😃😃😃😃😃😃😃😃😃😁😃😁😄😄😁😁😄😁😄😁😄,bagus zenless zone zero suka rating,Positive,Positive
Ok,ok,Positive,Positive
"Seru ja gamenya, tpi gachanya keras euy",seru gachanya keras euy,Positive,Positive
"Good game lah hoyoverse buat bansosnya,sistem battlenya sama ui nya yang enak dipandang sama banyakin bansosnya 😀",good hoyoverse bansosnyasistem battlenya ui pandang banyak bansosnya,Positive,Positive
Ts PEAK,ts peak,Positive,Positive
Gamenya unik dan ramah untuk device kentang.. Semoga gamenya terus berkembang..,unik ramah device kentang moga kembang,Positive,Positive
THE BEST.,the best,Positive,Positive
bansos bnyk ty devs,bansos ty devs,Positive,Positive
"Ga sia sia nunggu 2 tahun buat nih masterpiece. Story nya seru, karakternya juga menarik dan gameplay nya juga unik. Harap harap ke depannya bakal lebih banyak bansos dan karakter yang lebih menarikᗜˬᗜ",sia sia tunggu tahun masterpiece story seru karakter tarik gameplay unik harap harap depan bansos karakter tarik,Negative,Positive
mantap!,mantap,Positive,Positive
"ya, sangat suka",suka,Positive,Positive
Mantab,mantab,Positive,Positive
"Semoga kedepannya bisa lebih optimal, untuk masalah kinerja",moga depan optimal kerja,Positive,Positive
best mobile game,best mobile,Positive,Positive
dimohon untuk optimalisasi,mohon optimalisasi,Negative,Positive
tol,tol,Positive,Positive
game mobile yang asik untuk dimainkan,mobile asik main,Positive,Positive
Gameplaynya bagus si. Storynya juga seru cmn ya tv aja agak bosan 😅 diaku,gameplaynya bagus storynya seru cuman tv bosan dia,Positive,Positive
i really like the combat and how straight forward the story is! the amount of polychromes/pulls they give each patch are very generous too ^_^,really like the combat and how straight forward the story is the amount of polychromespulls they give each patch are very generous too,Positive,Positive
aduh sampai kesemutan main nya 🤣,aduh semut,Negative,Positive
aku nak Vivian 😋,nak vivian,Positive,Positive
Sangat cool,cool,Positive,Positive
seruu,seru,Positive,Positive
gw kasih bintang lima klo lagi hoki mahal,kasih bintang hoki mahal,Negative,Positive
Bosenin,bosan,Positive,Positive
4 Jempol,jempol,Positive,Positive
game ini sangat bagus bagi kalian yg wibu,bagus wibu,Positive,Positive
I like this,like this,Positive,Positive
yasssss,yas,Positive,Positive
"Untuk game ini bagus menurut aku bagus malahan grafik ok 😈 game paly bagus, tapi pas game pertama kali rilis gk bisa download tunggu sampai updates 1.1 , kenapa lah hoyo padahal main game ini cuma incar Ellen Joe sama zhu yauan tapi kenapa harus tunggu 🥲 , saran aku sih jika org gk bisa dapat karakter Ellen ama Zhu minimal ada pahse 2 biar enak 🙏😄🗿, segitu aja dulu, emang game terbaik sih gk kaku lagi, jujur agak kecewa 😞, 🙏😄",bagus bagus grafik ok paly bagus pas rilis download tunggu updates hoyo incar ellen joe zhu yauan tunggu saran karakter ellen zhu minimal pahse biar segitu baik kaku jujur kecewa,Positive,Positive
game casual seru,casual seru,Positive,Positive
"game ny bagus animasi ny mulus,bagus,dan gampang.cerita ny aku suka banget semua ny aku suuuuuukaaaaaa thanks hoyoverse☺️☺️☺️☺️☺️😊",bagus animasi mulusbagusdan gampangcerita suka suka thanks hoyoverse,Positive,Positive
sangat menyenangkan dan menghibur dengan jiggle physic nya😋,senang hibur jiggle physic,Positive,Positive
panjang umur game pembaik,umur baik,Positive,Positive
gamenya seru,seru,Positive,Positive
Nice tinggal nunggu bansos lagi 🫡,nice tinggal tunggu bansos,Negative,Positive
Keren,keren,Positive,Positive
"suka banget sama game ny, dari visual bergaya anime, gameplay yg sangat menarik, dan yg paling kusuka dari mekanisme ""parry"" yg sangat satisfying🤩🤩",suka visual gaya anime gameplay tarik suka mekanisme parry satisfying,Positive,Positive
ampass gacha,ampass gacha,Positive,Positive
Ok,ok,Positive,Positive
kita harus memiliki keyakinan yang BESAR~,milik yakin,Positive,Positive
Perangkat tidak kompatibel padahal hp saya sudah memadai,perangkat kompatibel hp pada,Negative,Positive
GAME DERMAWAN SETELAH HSR,dermawan hsr,Positive,Positive
Uwasik pol,uwasik pol,Negative,Positive
I Love This Game,love this,Positive,Positive
"Overall aku suka bgt dgn gameplaynya,story,explorasi,dll cmn yg agak mager di mode tv-nya aj dan tambahin juga dong mode co-op di bos mingguan GK cuman di co-op arkade doang",overall suka gameplaynyastoryexplorasidll cuman mager mode tvnya tambah mode coop bos minggu cuman coop arkade doang,Positive,Positive
Game keren,keren,Positive,Positive
GAME BAIK YANG SANGAT WEW,wew,Positive,Positive
great game,great,Positive,Positive
Gameplay seru dan design karakter-karakter yang sangat bagus,gameplay seru design karakterkarakter bagus,Positive,Positive
i love zzz,love,Positive,Positive
semangat min. yang sabar juga ngadepin komen² yang padahal ada solusinya 😅,semangat min sabar ngadepin komen solusi,Positive,Positive
Gooner game😹,gooner,Positive,Positive
tolong optimalisasi di mobile di perbaik lagi,tolong optimalisasi mobile baik,Positive,Positive
mantap emang,mantap,Positive,Positive
Game yang menyenangkan tapi perlu lebih balance di bagian grafik,senang balance grafik,Positive,Positive
The gameplay is relaxing and fun so I hope this game continues to develop and update more unique characters 😹,the gameplay is relaxing and fun sok hope this continues develop and update more unique characters,Negative,Positive
fun game,fun,Positive,Positive
Ellen nya loh rek besar bet🤓,ellen loh rek,Positive,Positive
Alamak good game,alamak good,Positive,Positive
baguss bangett game nyaa,bagus,Positive,Positive
"mengesampingkan spek minimum device, game ini benar-benar dapat dinikmati sebagai player f2p dan yang tidak terlalu mengejar meta. Dengan powercreep yang tidak terlalu cepat seperti kakak-kakaknya, membuat sebagian besar character di zzz masih relevan tiap patch ke patch. Sejauh ini, zzz masih bisa dikategorikan sbg game baik, bansosnya lancar, polychrome yang bisa didapatkan cukup stabil. Meski begitu, buat new player zzz itu cukup try hard buat story awal-awal",samping spek minimum device benarbenar nikmat player fp kejar meta powercreep cepat kakakkakaknya character relevan patch patch kategori bansosnya lancar polychrome dapat stabil new player try hard story awalawal,Negative,Positive
"bintang 5,aku suka susu",bintang suka susu,Negative,Positive
Game Kerenn 😎,keren,Positive,Positive
vergil daughter is too strong dawg,vergil daughter is too strong dawg,Positive,Positive
"makasih sudah mendengarkan, dan untuk sekarang sudah aman",terima kasih dengar aman,Positive,Positive
Gue paling suka gameplay game ini. Tolong adain open world supaya lebih seru. Mantap,suka gameplay tolong ada open world seru mantap,Positive,Positive
bagus tapi aku juga dapet karakter Evelyn itu bagus tapi bolehkah downloadnya sampai 2 kali ini sama aja sama honkai impact 3 lama banget download-an nya,bagus karakter evelyn bagus downloadnya honkai impact downloadan,Positive,Positive
Bagus,bagus,Positive,Positive
karna gw sepuh wkwk,sepuh wkwk,Negative,Positive
Sehat-sehat game baik,sehatsehat,Positive,Positive
intinya zenless tuh terlalu perfect lah untuk sebuah game👍,inti zenless tuh perfect,Positive,Positive
"Pengalaman Bermain Yang Menyenangkan Dan Seru Kadang Tegang Banget Main Game ini dan kadang greget lihat battlenya Dan jugaCutscene?10/10 Keren Banget Serasa Nonton anime Xixi.Selebihnya Nice Semua,Bansos Ada,Dan Mungkin ada beberapa gameplay yang ribet karna sedang menyesuaikan :) Overall 10/10",alam main senang seru kadang tegang kadang greget battlenya jugacutscene keren serasa tonton anime xixiselebihnya nice semuabansos adad gameplay ribet sesuai overall,Positive,Positive
Visual game nya eyecatching banget👍,visual eyecatching,Positive,Positive
Peak,peak,Positive,Positive
"Makasih udah bikin karakter secantik Yanagi, dan makasih juga udah bikin karakter seimut Burnice.",terima kasih bikin karakter cantik yanagi terima kasih bikin karakter seimut burnice,Positive,Positive
ZZZ NICE GAME,nice,Positive,Positive
"ekhmm bisa dibiliang f2p lah beda dari 2 game se dev, tapi rada kikir🗿",ekhmm dibiliang fp beda dev rada kikir,Positive,Positive
ratenya ZZZ banget,ratenya,Positive,Positive
Keren,keren,Positive,Positive
"Tolong untuk mihoyo tercinta, optimalkan game ini untuk hp mid range ke bawah karena masih agak lag,tolong yaa,love you mihoyo 😍🥰😚",tolong mihoyo cinta optimal hp mid range lagtolong yaalove you mihoyo,Positive,Positive
seru,seru,Positive,Positive
"game bagus, perpaduan santai dan combat yang seru! grafiknya manjain sih.",bagus padu santai combat seru grafik manja,Positive,Positive
"manato A rank? seriously? and made some random characters steals the spotlight instead? everyone know better that manato is loved by the community, and you guys decided to make him A rank..?",manato rank seriously and made some random characters steals the spotlight instead everyone know better that manato is loved by the community and you guys decided pakai him rank,Negative,Positive
keren,keren,Positive,Positive
bagus! pelepas stress,bagus lepas stres,Negative,Positive
"Tq hoyo, luck banget gw di game ini😂, soft pity trs, nah gitu donk hoyo jangan pelit pity ke player🗿",tq hoyo luck soft pity hoyo pelit pity player,Positive,Positive
Zenless Zone Zero Bagus Sekali & Seru Sekali👍👍👍,zenless zone zero bagus seru,Positive,Positive
Tolong banget tambahin keyboard dan mouse untuk gameplay yang versi mobile Kalau di tambahin saya kasi bintang lima,tolong tambah keyboard mouse gameplay versi mobile tambah kasih bintang,Positive,Positive
enjoy,enjoy,Positive,Positive
good game,good,Positive,Positive
"sangat bagus, dan ada karakter kesukaan saya🤗",bagus karakter suka,Positive,Positive
Game baru waifu baru😍,waifu,Positive,Positive
Hosimi Miyabi>_<,hosimi miyabi,Positive,Positive
"gamenya bagus, mekaniknya ok, karakternya Alamak, storynya bagus. tapi agak ngeframe dikit",bagus mekanik ok karakter alamak storynya bagus ngeframe dikit,Positive,Positive
Add a new agent that has a whip for a weapon,new agent that has whip for weapon,Positive,Positive
Yemss,yemss,Positive,Positive
BigblackNigaboy,bigblacknigaboy,Positive,Positive
"This game is great, i like it. But I have to regret that i didn't choose Wise to being the MC. So would the developer give me a change/opportunity to rechoose the MC without restart the account? Hope you reply this feed.",this is great like but have regret that didnt choose wise being the mc sok would the developer give me changeopportunity rechoose the mc without restart the account hope you reply this feed,Positive,Positive
Ok,ok,Positive,Positive
A game that change my entire life🤩,that change my entire life,Negative,Positive
"i love this game and play since debut release, but now in 2.2 i feel so much powercrept, even miyabi don't giva a damage to a boss in critical node, i Will gonna leave this game if patch 2.3 still like that",love this and play since debut release but now feel sok much powercrept even miyabi dont giva damage bos critical node will gon na leave this if patch still like that,Positive,Positive
Bansosnya agak kurang,bansosnya,Positive,Positive
bagus,bagus,Positive,Positive
gg gaming Ada hoshimi miyabi,gaming hoshimi miyabi,Positive,Positive
"HOYOO, HUGO RERUN PLSSS. MAKASIH ❤️",hoyoo hugo rerun pls terima kasih,Positive,Positive
"bagus bgt game nya, dr semua game hoyo ini yg paling best lah power creep sejauh ini sehat, story best, charnya juga bagus bagus, bansos pa lagi lancar jaya. good buat developer ni game. minus nya ya mungkin device emang harus agak high buat mainin ni game biar ga lag😆😆",bagus hoyo best power creep sehat story best charnya bagus bagus bansos lancar jaya good developer minus device high mainin biar lag,Positive,Positive
"Gamenya menarik tapi yang membosankan itu pas Waktu di TV² selebihnya bagus cuma bug saya gapernah ngalamin,semoga ga kikir",tarik bosan pas waktu tv lebih bagus bug ngalaminsemoga kikir,Positive,Positive
Bagus,bagus,Positive,Positive
Bagus cerita gampang masuk di otak banyak bonsos gameplay seru musik bagus,bagus cerita gampang otak bonsos gameplay seru musik bagus,Positive,Positive
Game udah bagus . cuma harus lebih dioptimalkan lagi di perangkat hp,bagus optimal perangkat hp,Positive,Positive
"Game bagus hanya saja tidak kompatibel dengan HP saya jadi saya main di PC, semoga di masa depan bisa dioptimasi lagi",bagus kompatibel hp pc moga dioptimasi,Positive,Positive
Awesome,awesome,Positive,Positive
Cihuy,cihuy,Positive,Positive
"Bagus Deng game nya , dari pada kakak yg tua tuh pelit kikir pula",bagus deng kakak tua tuh pelit kikir,Negative,Positive
"suka banget si sama mekanik battle di game ini, grafiknya juga menarik",suka mekanik battle grafik tarik,Positive,Positive
"pretty good , I rate 5 star, so please let me win 50-50",pretty good rate star sok please let me win,Positive,Positive
kekikiran zona 0 kikir!!,kikir zona kikir,Positive,Positive
What the sigma,what the sigma,Positive,Positive
the best game,the best,Positive,Positive
mantap jos,mantap jos,Positive,Positive
kenapa tidak kompatible untuk perangkat saya,kompatible perangkat,Positive,Positive
bansos lancar gameplay bagus terutama desain karakter cewek sering sering kasih event yang bagus,bansos lancar gameplay bagus desain karakter cewek kasih event bagus,Positive,Positive
"kenyang bansos, thx Dev zzz",kenyang bansos thx dev,Positive,Positive
Mantap bansos,mantap bansos,Positive,Positive
saya ga suka game ini karna sepupu saya,suka sepupu,Positive,Positive
Nice,nice,Positive,Positive
games with the worst gacha rates.,games with the worst gacha rates,Positive,Positive
gacha kikir,gacha kikir,Positive,Positive
Mantap min,mantap min,Positive,Positive
Nice lah,nice,Positive,Positive
fight nya seru si,fight seru,Positive,Positive
mantap,mantap,Positive,Positive
Sugoii nee,sugoii,Positive,Positive
Seru,seru,Positive,Positive
Jane doe got them GYATTT💀💀💀 (bagus bnget gamenya sangat asik),jane doe got them gyat bagus asik,Positive,Positive
"Good game i like the combat and style ,i prefer this than genshin impact ,hm maybe about device problem or lag while in combat maybe developer can fix it ,but overall this good",good like the combat and style prefer this tahan genshin impact hm maybe about device problem lag while combat maybe developer can fix but overall this good,Negative,Positive
keren,keren,Positive,Positive
Keren,keren,Positive,Positive
"Keren,",keren,Positive,Positive
PERFECT! YG KASI BINTANG 1 FIX HP NYA KENTANK.,perfect kasih bintang fix hp kentank,Positive,Positive
Selalu mental kalo mau main game,mental,Positive,Positive
game baik bersize tinggi untuk gerakan animasi yang bagus,bersize tinggi gera animasi bagus,Positive,Positive
game gacha terbaik yg pernah gw mainkan 🥰,gacha baik main,Positive,Positive
"Sejauh ini, ini game dari mihoyo yang terbaik. Good job mihoyo 👍",mihoyo baik good job mihoyo,Positive,Positive
sehat sehat game baik,sehat sehat,Positive,Positive
Nice,nice,Positive,Positive
seruuuuu,seru,Positive,Positive
Game kikir,kikir,Positive,Positive
"gk kerasa bentar lagi anniv, biasa main di pc lbih lebar, di mobile buat daily ajh",rasa bentar anniv pc lebar mobile daily,Negative,Positive
good game,good,Positive,Positive
Download>berburu id sepuh>unin 😋,downloadberburu id sepuhunin,Positive,Positive
Apa cuma saya yang sering tiba tiba keluar dari game padahal sedang di tengah tengah misi,tengah tengah misi,Positive,Positive
Keren banget,keren,Positive,Positive
"Di antara game hoyoverse,cuma ini yg gk recommend di hp mid end",hoyoversecuma recommend hp mid end,Positive,Positive
Keren,keren,Positive,Positive
gamenya seru dan banyak hadiah gratis dan juga desain karakternya bagus² dan cakep pokoknya mantap deh!,seru hadiah gratis desain karakter bagus cakep pokok mantap deh,Positive,Positive
sunnaku woi😡,sunnaku woi,Positive,Positive
Game bagus,bagus,Positive,Positive
bagus banget!!,bagus,Positive,Positive
Ku kira bakal bosen ternyata bikin nagih,ku bosan bikin nagih,Positive,Positive
Game yang bagus,bagus,Positive,Positive
Saya donwload dri link bion,donwload link bion,Positive,Positive
Good,good,Positive,Positive
Nice game banyakin resource gacha,nice banyak resource gacha,Positive,Positive
Game nya pas login gak bisa padahal di genshin impact bisa padahal udah nunggu lama 😭😭😭,pas login genshin impact tunggu,Positive,Positive
this game need optimization,this need optimization,Positive,Positive
keren,keren,Positive,Positive
gamenya ramah buat saya yg hpnya sedikit kentang Terima kasih buat anniversarynya,ramah hpnya kentang terima kasih anniversarynya,Positive,Positive
makin ngeleg ga dioptimalkan,ngeleg optimal,Positive,Positive
EASY 10/10 RATING!!,easy rating,Positive,Positive
"Game yang seru untuk pecinta pertarungan epik ,juga memberikan gaya bertarung yang menarik",seru cinta tarung epik gaya tarung tarik,Positive,Positive
Lets goooo too battel 🤩🤩🤩,lets go too battel,Positive,Positive
Manato is an A rank? I'm quitting this game bye~,manato is an rank im quitting this bye,Negative,Positive
"nice,Jane doe😋😋",nicejane doe,Positive,Positive
Emang hoyo ini keren banget,hoyo keren,Positive,Positive
Bagus,bagus,Positive,Positive
Awesome battle mecanisme,awesome battle mecanisme,Positive,Positive
Terimakasih game baik,terimakasih,Positive,Positive
"Mantaaapp , walaupun masih belum sepenuhnya optimal , tapi hp gw bisa main lancar , game MIHOYO tidak perlu di ragukan lagi👍",mantap sepenuh optimal hp lancar mihoyo ragu,Positive,Positive
I love it,love,Positive,Positive
"Suasana nya hidup,bagus sekali cuman kadang kadang ngedrop",suasana hidupbagus cuman kadang kadang ngedrop,Positive,Positive
Game kikir,kikir,Positive,Positive
Good,good,Positive,Positive
Yang kasih 1 star HP lu aja kentang anj makanya beli HP dulu bukannya top up,kasih star hp kentang anjing beli hp top up,Negative,Positive
Mantap,mantap,Positive,Positive
"Sejauh ini story dan experience game sudah memuaskan, hanya aja masih butuh optimalisasi lagi",story experience muas butuh optimalisasi,Positive,Positive
Thanks gamenya sudah di support compatible di heliog96,thanks support compatible heliog,Positive,Positive
MIYABI MY LOVEEEEEEE ❤,miyabi my love,Positive,Positive
Game op untuk pc,op pc,Positive,Positive
bagus bgt min gamennya,bagus min gamennya,Positive,Positive
low device is not allowed 😭,low device is not allowed,Positive,Positive
bagus,bagus,Positive,Positive
mantabb,mantab,Positive,Positive
nice game 👍👍🤝,nice,Positive,Positive
Nice Game,nice,Positive,Positive
"ini game peak banget bjir. character writing+story telling nya bagus, mekaniknya asik, mines optimalisasinya yg kureng. mohon buat lebih baik lagi🙏",peak bjir character writingstory telling bagus mekanik asik mes optimalisasi reng,Positive,Positive
"Gem baik, nekomiya dan miyabi🥰",gem nekomiya miyabi,Positive,Positive
"Warning :Shader error, gimana cara memperbaikinya di pc?",warning shader error baik pc,Negative,Positive
Kasih gw banyak karakter S aja sih,kasih karakter,Positive,Positive
good game 🎮🎮,good,Positive,Positive
Makasih ellen joe di pity 10 nya ❤❤🥰🥰🥰❤❤❤😘😘😍😘,terima kasih ellen joe pity,Positive,Positive
"Sangat suka,gamenya seruu",sukagamenya seru,Positive,Positive
sangat menyenangkan bermain zzz,senang main,Positive,Positive
hp kentang minggir dulu👍,hp kentang minggir,Positive,Positive
Kerja bagus,bagus,Positive,Positive
semoga tdk power creep,moga power creep,Positive,Positive
Seru bgt cerita nya karakter mc kakak adiknya juga bagus dan jgn lupa ada diskon 40% burger bangor,seru cerita karakter mc kakak adik bagus lupa diskon burger bangor,Positive,Positive
Keren,keren,Positive,Positive
"Gacha kikir, event annoying",gacha kikir event annoying,Positive,Positive
tòɓrut,trut,Positive,Positive
Game gacha terbaik ❤️,gacha baik,Positive,Positive
"dari semua game hoyo yang pernah gw mainin, cuman ni game yang bener2 jatuh cinta ma gw",hoyo mainin cuman jatuh cinta,Negative,Positive
game yang keren,keren,Positive,Positive
Nom Nom Shark,nom nom shark,Positive,Positive
Good game lah,good,Positive,Positive
"Mantap walau mode tv nya sedikit membosankan, sisanya udh mantapp",mantap mode tv bosan sisa mantap,Positive,Positive
"optimalisasi dong hoyo, plis kalo aja ini game bagus optimalisasinya yakin yang maen lebih banyak dari genshill",optimalisasi hoyo plis bagus optimalisasi genshill,Positive,Positive
well ok ok lah terus punya permintaan juga kalo bisa collab ama kamen rider zeztz soalnya agak bavus juga,well ok ok minta collab kamen rider zeztz bavus,Positive,Positive
game terbaik👍💯 story yg sangat bagus 👍,baik story bagus,Positive,Positive
Mantap,mantap,Positive,Positive
Bagus,bagus,Positive,Positive
"game nya seru,enak,petualangan nya seru bener bener bikin takjub. cuma saya nya aja yang males login",seruenakpetualangan seru bikin takjub malas login,Positive,Positive
Ga bisa dimainin,dimainin,Positive,Positive
Woilah rek😂😂😂,woilah rek,Positive,Positive
"Asli game ini bagus banget, mulai dari segi Graphics, storyline, gameplay, sama Fighting style-nya emang the best parah, dari size-nya aja emang worth it lah👌🏻",asli bagus segi graphics storyline gameplay fighting stylenya the best parah sizenya worth,Negative,Positive
mantap,mantap,Positive,Positive
Game nya sangat baik semoga memberikan karakter s lebih banyak😄,moga karakter,Positive,Positive
aku suka game ini dan cerita nya yg bagus banget aku suka game ini aku suka banget,suka cerita bagus suka suka,Positive,Positive
good but not too good enough especially on mobile phone....,good but not too good enough especially on mobile phone,Positive,Positive
kikir banget lu wok 😡,kikir wok,Positive,Positive
mantap,mantap,Positive,Positive
mantapp,mantap,Positive,Positive
Gem baik,gem,Positive,Positive
Bagus banget dan semangat ya terus ya. Semoga menjadi game yg murah dan tidak sombong/kikir,bagus semangat moga murah sombongkikir,Positive,Positive
aduhai besarnya tapi tetep tak mainin :3,aduhai besar mainin,Positive,Positive
Seru banget! Saya suka storynya yang gak bikin ngantuk,seru suka storynya bikin ngantuk,Positive,Positive
Game nya bur1k bgaus bgt aih,burk bgaus aih,Positive,Positive
"ini game lma2 kyk love story game,,story tellingnya gak kyk game2 pesaingnya,pdhl dev nya psti mumpuni,,ciri khas?Kalo bisa lebih baik knp tidak,, bahasa yg dipake jg lebay/kekanakan,mending English aja,,mgkn game ini khusus 12 ke bawah y,tp charnya rata2,,,sudahlah,,bansos ok,,jiggle fisik jgn ditanya,,harusnya 17+",love story gamestory tellingnya pesaingnyapdhl dev mumpuniciri khaskalo bahasa pakai lebaykekanakanmending english ajamgkn ytp charnya ratasudahlahbansos okjiggle fisik ditanyaharusnya,Positive,Positive
Game terbaik dengan grafik yg luar biasa. Serasa mimpi main ni. Mimpi yg nyata. GRAFIK GA BIKIN KECEWA. KEREN BANGET. MOGA ADA KEMUDAHAN MAIN GAME INI. BIAR PARA FANS NYA GA DI BUAT KECEWA😎🤟,baik grafik serasa mimpi mimpi grafik bikin kecewa keren moga mudah biar fan kecewa,Positive,Positive
best gacha game sejauh ini buat ku,best gacha ku,Positive,Positive
"Mudah2an tidak ada kendala, sukses selalu lord.",mudah kendala sukses lord,Positive,Positive
Game terbaik. Game satu-satunya yang bisa menghabiskan waktu sepanjang dalam hidup saya. Terima kasih atas supportnya kepada pihak developer karena gamenya sudah support lagi di device saya.,baik satusatunya habis waktu hidup terima kasih supportnya developer support device,Positive,Positive
Gem cihuy gerafik bagus GK ramah Ama hp kentang😁,gem cihuy gerafik bagus ramah hp kentang,Positive,Positive
Fresh bgt sih ini game nya,fresh,Negative,Positive
best,best,Positive,Positive
ABSOLUTE PEAKKKKK,absolute peak,Positive,Positive
"Menurut saya game nya bagus, mekanik game nya bagus, tambahin lagi bansos nya😁😁",bagus mekanik bagus tambah bansos,Positive,Positive
"Sangat suka dengan game ini, sangat menarik dan seru",suka tarik seru,Positive,Positive
Asik coy,asik coy,Positive,Positive
Optimalkan lagi Hoyo,optimal hoyo,Positive,Positive
Sangat seru,seru,Positive,Positive
comeback,comeback,Negative,Positive
"Seru dan gameplay nya gak bosenin. Tapi kalo bisa tambahin fitur pause pas pertarungan dong, jadi bingung kalo harus ngelakuin sesuatu, apalagi kalo ada bates waktu ngelawannya",seru gameplay bosan tambah fitur pause pas tarung bingung bates waktu ngelawannya,Positive,Positive
Gim jembot,gim jembot,Positive,Positive
80 zonk.. sama aja ini kek saudaranya genshin,zonk saudara genshin,Positive,Positive
Hebat,hebat,Positive,Positive
gamenya bagus dan grafiknya bagus dan pembuat game ini semangat terus sehat selalu,bagus grafik bagus buat semangat sehat,Positive,Positive
80 free pull? Only 10 free pull for newbie,free pull only free pull for newbie,Positive,Positive
"Finally I have waited so long and, now this game is out. Hopefully this game makes me happy. Thank you developers",finally have waited sok long and now this is out hopefully this makes me happy thank you developers,Positive,Positive
Peak Combat 10/10 lack of optimization so the performance aren't that good,peak combat lack of optimization sok the performance arent that good,Positive,Positive
great,great,Positive,Positive
"Suka banget sama opsi yang di kasih game ini. kalo cuma mau nikmatin story, bisa pilih difficult yang mudah. Kalo mau yang menantang, bisa pilih difficult yang menantang",suka opsi kasih nikmat story pilih difficult mudah tantang pilih difficult tantang,Negative,Positive
im fomo,im fomo,Positive,Positive
"perangkat udh compitable, tapi masih framedrop, malahan lebih dari spek min. gmn min?",perangkat compitable framedrop spek min min,Positive,Positive
Game seru ini wajib di mainkan,seru wajib main,Positive,Positive
Ok,ok,Positive,Positive
Semoga jadi game baik,moga,Positive,Positive
love this game a lot,love this lot,Positive,Positive
gacor kang,gacor kang,Positive,Positive
"Udah sabar banget nungguin game nya rilis, pas udah rilis malah stuck di black screen pas awal masuk",sabar tunggu rilis pas rilis stuck black screen pas,Positive,Positive
😎👍bagus banget grafik nya 👍👍👍👍👍👍👍👍👍👍👍👍👍👍👍👍👍👍👍👍,bagus grafik,Positive,Positive
Bagus dari segi gameplay dan story tapi tolong untuk dimaksimalkan lagi untuk platform android performanya,bagus segi gameplay story tolong maksimal platform android performa,Positive,Positive
Hehehehe,hehehehe,Positive,Positive
I love it💜,love,Positive,Positive
Ini game bagus banget!! Cuma lambat update story aja semoga kedepannya akan sering sering update story lagi.,bagus lambat update story moga depan update story,Negative,Positive
good,good,Positive,Positive
mantap berasa game anime,mantap asa anime,Positive,Positive
lupa rating bejire,lupa rating bejire,Negative,Positive
Joss gandoss tenan👍👍🔥🔥,joss gandoss tenan,Positive,Positive
"nice banget, terus pertahankan konsisten nya yak :)",nice tahan konsisten,Positive,Positive
Story bagus dan unik sih mode TV nya gw suka tuh mode 😆😁,story bagus unik mode tv suka tuh mode,Positive,Positive
yeah!!🌟🌟🌟🌟🌟✨,yeah,Positive,Positive
Bagus bgt,bagus,Positive,Positive
"Game Yang bagus,Alur cerita gak ngebosenin sama Desain Character keren",bagusalur cerita ngebosenin desain character keren,Positive,Positive
"Terimakasih sudah memberikan pengalaman bermain yang menyenangkan, sayang device berkata tidak",terimakasih alam main senang sayang device,Positive,Positive
"seperti biasa, trash game from hoyoverse",trash from hoyoverse,Positive,Positive
Gamenya storynya bagus dan sangat banyak skin,storynya bagus skin,Positive,Positive
"fast respond, good performance, good story, nice design and more, even there some bug but overall it's good game",fast respond good performance good story nice design and more even there some bug but overall its good,Positive,Positive
nice gameee,nice,Positive,Positive
"Bagus game ya... Tapi mungkin bisa lebih dioptimalkan lagi, biar bisa lebih smooth game play ny",bagus optimal biar smooth play,Positive,Positive
add s character for begginer,character for begginer,Positive,Positive
"Gameplay terbilang seru, meskipun sedikit quest & event/terbilang gampang tamat. Tapi tetep ok sih, dan yg terpenting Game Ramah ke Player. The Best",gameplay bilang seru quest eventterbilang gampang tamat ok penting ramah player the best,Positive,Positive
game sempurna saya suka,sempurna suka,Positive,Positive
"Semuanya sangat bagus, terimakasih HoYoverse sudah menemani hari-hari ku, semoga game nya bertahan lebih lama lagi.. OK👍",bagus terimakasih hoyoverse tani harihari ku moga tahan ok,Positive,Positive
tolong perbaiki kompabilitas nya,tolong baik kompabilitas,Positive,Positive
walah cik gacor gamenya,walah cik gacor,Positive,Positive
Gamenya oke banget,oke,Positive,Positive
"Seru,,event banyak,,gameplay asik.. Sayang handphone nya kurang mendukung😅 Nanti lanjut kalo handphonenya dah support y😁",seruevent banyakgameplay asik sayang handphone dukung handphonenya deh support,Positive,Positive
udah aman udah nyaman nggak ada gangguan,aman nyaman ganggu,Positive,Positive
Oke,oke,Positive,Positive
mantap gacor,mantap gacor,Positive,Positive
terbaik lah,baik,Positive,Positive
"best hoyo game inimah, diantara game hoyo yg lain ini yg paling ramah f2p",best hoyo inimah hoyo ramah fp,Positive,Positive
"animasinya ga kaku, reward ga pelit, desainnya karakter nya menarik, story nya juga bagus",animasi kaku reward pelit desain karakter tarik story bagus,Positive,Positive
Masih bagusan game pgr ketimbang ini,bagus pgr ketimbang,Positive,Positive
"Bagus, saya suka",bagus suka,Positive,Positive
Opsional,opsional,Positive,Positive
Gamenya seru,seru,Positive,Positive
Bagus banget gamenya,bagus,Positive,Positive
"sekarang jadi tidak kompeten di perangkat saya, tdinya masih bisa di mainkan",kompeten perangkat tdinya main,Negative,Positive
game baik 👍 no debat,no debat,Positive,Positive
"Combat, karakter design, dan story udah lumayan bagus. Worldbuildingnya juga lumayan oke, meskipun masih ada beberapa hal yang perlu ditingkatkan (seperti bagian TV-TV itu). Menurut saya akan lebih baik jika sesi combatnya diperbanyak lagi, karena combat yang saya rasa paling bagus di game ini.",combat karakter design story lumayan bagus worldbuildingnya lumayan oke tingkat tvtv sesi combatnya banyak combat bagus,Positive,Positive
Game gak bagus,bagus,Positive,Positive
"Gameplay seru, story menarik tapi kerasa singkat banget (kebiasaan genshin yang storynya panjang), dapet polycromenya juga mudah jadi enjoy banget dimainin",gameplay seru story tarik rasa singkat biasa genshin storynya polycromenya mudah enjoy dimainin,Positive,Positive
PEAK,peak,Positive,Positive
game mekanisme santai,mekanisme santai,Positive,Positive
Tv gameplay annoying af,tv gameplay annoying af,Positive,Positive
i just need more male S rank,just need more male rank,Positive,Positive
"Karakter S nya tolong di kembangkan lagi, ini sudah bagus, keren hoyo terimakasih",karakter tolong kembang bagus keren hoyo terimakasih,Positive,Positive
"Gue sudah uninstall, Game nya suka keluar sendiri.. Kalau untuk permainan nya cukup bagus Hanya itu aja kendala nya suka foreclose😑😑😑",uninstall suka main bagus kendala suka foreclose,Positive,Positive
WE GONNA BUY BURGER BANGOR WITH 40% DISCOUNT WITH THIS ONE🗣️🗣️❗❗,we gon na buy burger bangor with discount with this one,Positive,Positive
"ahir nya loading nya udah di fix, terimakasih hoyo sudah mendengar suara kami",ahir loading fix terimakasih hoyo dengar suara,Positive,Positive
mana 160 jt lapangan kerj eh. 160× pull free yg kau janjikan,juta lapang kerj eh pull free kau janji,Positive,Positive
GOONER GAME = PEAK,gooner peak,Positive,Positive
jangan pakai hp kentang hehe,pakai hp kentang hehe,Positive,Positive
mid,mid,Positive,Positive
Best,best,Positive,Positive
"Mirip HI3 tapi dengan grafis dan mekanisme yang baru, dan jelas lebih orisinil, mantap si ini, enjoy banget mainnya sama nikmatin story nya yang ga terlalu kompleks",hi grafis mekanisme orisinil mantap enjoy main nikmat story kompleks,Positive,Positive
Wow,wow,Positive,Positive
"suka gamenya tapi, gak suka panas : )",suka suka panas,Positive,Positive
"Bgm,effect,battle 10/10 ada mekanik Parry yg seru bet cuy puas banget main ini game pas santai kalau gacha emang agak kintil tapi yaa karakter A pun masih bisa dipake di semua setiap karakter dapat story masing-masing.",bgmeffectbattle mekanik parry seru cuy puas pas santai gacha kintil karakter pakai karakter story masingmasing,Positive,Positive
"story terlalu repetitif,boring duluan sebelum sampai ke bagain karna yg dibawain cuma gitu gitu doang,udah gitu part yg sama diulang 4 5x.",story repetitifboring duluan bagain dibawain doangudah part ulang,Positive,Positive
"Bagus, sisa optimisasi",bagus sisa optimisasi,Negative,Positive
game nya bagus keren banget lah tapi kasih gw ju fufu woy! gw udah main nih game buat dapet ju fufu tadi dapet S tapi bukan Ju fufu sialan nih game!! kasih gw ju fufu!!!!!!!!!!!!!!,bagus keren kasih ju fufu woy ju fufu ju fufu sial kasih ju fufu,Positive,Positive
worth it,worth,Positive,Positive
Wow wow wow wow,wow wow wow wow,Positive,Positive
"yang bilang game Gooner tu, emang Gooner😝 wong saya suka kok",bilang gooner gooner suka,Positive,Positive
"Menarik gamenya. Awal rilis coba maen bisa. Abis tu patch 1.1 perangkat g mendukung!?? Lah. Sekarang 24/9 bisa lagi. Tapi dah Malas,ketinggalan patch.",tarik rilis coba habis patch perangkat dukung deh malasketinggalan patch,Positive,Positive
Baru donlod hehe,donlod hehe,Positive,Positive
"Worst gaming experience yet, literally Zzz",worst gaming experience yet literally zzz,Positive,Positive
"terimakasih sudah membantu, saya naikan ke 4 dulu karena masih ada framedrop dengan setting grafik lowest.",terimakasih bantu naik framedrop setting grafik lowest,Positive,Positive
Bagus,bagus,Positive,Positive
I love billy,love billy,Positive,Positive
I LOVE IT,love,Positive,Positive
Actually i don't know how to explain this game but I'll give love for HOYOVERS,actually dont know how explain this but ill give love for hoyovers,Positive,Positive
Keren visual memanjangkan mata 👍🏼,keren visual panjang,Positive,Positive
Ternyata game baik meski 60% kikir,kikir,Positive,Positive
karena gw pernah main ni game pas awal rilis gw kasih bintang 1,pas rilis kasih bintang,Positive,Positive
"tambahkan fps unlimited di mobile, fitur zoom in zoom out pada karakter",tambah fps unlimited mobile fitur zoom zoom out karakter,Negative,Positive
make manato s rank,pakai manato rank,Positive,Positive
"game bagus, obat setres serta obat pata hati Disaat aku melihat dia sama yang lain. btw tolong tambahin mode pvp antar player donh",bagus obat tres obat pata hati saat btw tolong tambah mode pvp player donh,Negative,Positive
mantap!,mantap,Positive,Positive
I love Ellen Joe,love ellen joe,Positive,Positive
the best game sih🤭,the best,Positive,Positive
sehat sehat game baik,sehat sehat,Positive,Positive
"ini game paling bagus hoyoverse sih menurut gua, soalnya sensasi battle berasa epic banget pergerakan kamera nya bagus, dan yg paling penting ni game ramah F2P (player gratisan)",bagus hoyoverse gua sensasi battle asa epic gera kamera bagus ramah fp player gratis,Positive,Positive
game mantap 😁👍🏿,mantap,Positive,Positive
Keren banget Zenless Zone Zero,keren zenless zone zero,Positive,Positive
main sendirian itu ga enak.. coba tambahin coop atau party dengan player lain... game tema hack and slash tapi solo itu bosennya looping,coba tambah coop party player tema hack and slash solo bosennya looping,Positive,Positive
Sehat sehat game baik,sehat sehat,Positive,Positive
Harga Item terlalu mahal & reward dari in game nya pun terlalu sedikit sekali,harga item mahal reward,Positive,Positive
ga kompe,kompe,Positive,Positive
Kadang saat saya gabut atau ingin main game bagus saya memilih Zenless zone karena game ini sangat menarik,kadang gabut bagus pilih zenless zone tarik,Positive,Positive
"seru sih, gk kikir kayak game satunya",seru kikir satu,Positive,Positive
Udah enggak sabar,sabar,Positive,Positive
Animasinya memuaskan !,animasi muas,Positive,Positive
"gameplay seru style world nya colorful abis, wuwa tapi versi simple sih good job mihoyo 👍🏻",gameplay seru style world colorful habis wuwa versi simple good job mihoyo,Positive,Positive
a best combat game for fun 🤣🤣,best combat for fun,Positive,Positive
Game ya bagus,bagus,Positive,Positive
"Bagus kok, jangan dengerin haters",bagus dengar haters,Negative,Positive
"Game The Best, komunitas nya asik tapi banyak Furry nya jir😹😹",the best komunitas asik furry jir,Negative,Positive
"Story,musik, dan battle nya sih seru yh, cuma saya kurang suka mode explore nya yg masuk ke TV, cukup ngebosenin.",storymusik battle seru suka mode explore tv ngebosenin,Positive,Positive
Seru gamenya,seru,Positive,Positive
kirain ada kuemungkinan jadi kompitqbel..pdahal ram 8gb..yaudalh main genshin aja amq hsr..,kuemungkinan kompitqbelpdahal ram gbyaudalh genshin amq hsr,Positive,Positive
MANATO-KUN!!!,manatokun,Positive,Positive
"Game monoton,bosan gw maen game gacha",monotonbosan gacha,Positive,Positive
peak,peak,Positive,Positive
ty ty makasi ellennya😍😍,ty ty terima kasih ellennya,Positive,Positive
"Story bagus 4/5 | Animasi super mantap 5/5 | Gameplay superb 4.7/5 | Character Design mantap 4.5/5 | Music 4.8/5 | Gacha System seperti hsr 3.5/5 | F2p Friendly 4/5 | Vibe 4/5 | Minus ini game cuma di size terlalu besar woi untuk genre yg bukan open world dan dimana mana loading, plus di ps5 untuk lokasi seperti lumina square sering frame drop | [Overall Rating 4.2/5]",story bagus animasi super mantap gameplay superb character design mantap music gacha system hsr fp friendly vibe minus size woi genre open world mana loading plus pas lokasi lumina square frame drop overall rating,Positive,Positive
Nice,nice,Positive,Positive
MAKE MANATO S-RANK 🗣️🗣️🗣️,pakai manato srank,Positive,Positive
good,good,Positive,Positive
Jangan buat karakter nya telanjang buat ngak ada marwahnya karakternya 😭,karakter telanjang marwahnya karakter,Positive,Positive
Keren,keren,Positive,Positive
"komiknya seru, battle nya seru",komik seru battle seru,Positive,Positive
good,good,Positive,Positive
High quality games,high quality games,Positive,Positive
Good,good,Positive,Positive
tambahin char semog nya dong hoyo,tambah char semog hoyo,Positive,Positive
"Overall sudah sangat bagus.... tapi tolong untuk pilihan karakternya ditambah karena hanya bisa pakai 3 karakter(caesar, belle, dan wise) sedangkan untuk karakter lain yang telah dimiliki tidak bisa dipakai, itu aja sih kurangnya",overall bagus tolong pilih karakter tambah pakai karaktercaesar belle wise karakter milik pakai kurang,Negative,Positive
All the best this game,all the best this,Positive,Positive
game yang bagus dan seru untuk saya yang ingin mekanik sulit dan Menantang semoga kedepannya makin banyak fitur dan Qol yang berguna,bagus seru mekanik sulit tantang moga depan fitur qol guna,Positive,Positive
best game :),best,Positive,Positive
"walaupun disebut game Gooner, tapi tetap saja bagus, dan developer tidak kikir, mekanik juga mudah, pokoknya the best lah",gooner bagus developer kikir mekanik mudah pokok the best,Positive,Positive
terimakasih mihoyo karena sudah memberi saya Astra Yao + W Engine 30x gacha total 😋. mihoyo baik banget loh ya,terimakasih mihoyo astra yao engine gacha total mihoyo loh,Positive,Positive
Gameplay Nya Seru,gameplay seru,Positive,Positive
"LOL JUST OPTIMIZE THE GAME, SLIT-EYED",lol just optimize the sliteyed,Positive,Positive
"game rpg terbaik yg pernah saya mainin, suka sama gamenya, petualangan di game ini juga menyenangkan tidak membosankan👍🙌",rpg baik mainin suka tualang senang bosan,Positive,Positive
"Gameplay fresh, bagus juga, Join youtube ku untuk live ZZZ 😁 (Windofu)",gameplay fresh bagus join youtube ku live windofu,Positive,Positive
"saya sangat suka game ini, gameplay cepat, banyak referensi, hadiah yang melimpah dan berbagai mekanik yang sangat seru.",suka gameplay cepat referensi hadiah limpah mekanik seru,Positive,Positive
Cihui ada istri ku 🥰,cihui istri ku,Positive,Positive
mantapppp,mantap,Positive,Positive
Very great,very great,Positive,Positive
"ahh, game yg sangat seru, tapi sayang ga bisa main lagi, game nya sangat bagus👍,buat deplover semangat😁",ah seru sayang bagusbuat deplover semangat,Positive,Positive
peak game🔥🔥,peak,Positive,Positive
game kikir😠😠,kikir,Positive,Positive
Sehat sehat game baik,sehat sehat,Positive,Positive
"Very unstable gameplay experience, the lvl of monsters and characters is quite far and makes the game play experience unbalanced, defeating enemies takes quite a long time, Increasing exp World lvl level is very difficult. I have completed all the main quests and still can't upgrade my character.",very unstable gameplay experience the lvl of monsters and characters is quite far and makes the play experience unbalanced defeating enemies takes quite long time increasing exp world lvl level is very difficult have completed all the quests and still cant upgrade my character,Positive,Positive
"game nya keren bagus , style nya gue banget tapi sayangnya saya telat main jadi mager buat main....",keren bagus style sayang telat mager,Negative,Positive
PERFECT,perfect,Positive,Positive
game bagus,bagus,Positive,Positive
Hilangkan mode tv gak ada seru serunya buang waktu banget gak guna klo ilangin saya kasih B5 ciri khas si ciri khas tapi jan tv ada kan yg lain TOLOL,hilang mode tv seru seru buang waktu ilangin kasih ciri khas ciri khas tv tolol,Positive,Positive
"bagus, cuma kurang stabil, setiap masuk game selalu internet yang jadi masalah, tapi internet saya bagus, dan ketika saat chat dengan karakter, chat akan keluar sangat lama, semoga bisa diperbaiki",bagus stabil internet internet bagus chat karakter chat moga baik,Positive,Positive
fixs blacksreen!!!,fixs blacksreen,Positive,Positive
"gamenya overall sudah bagus tapi side quest di game ini kurang banyak daripada genshin atau hsr tolong dilebihkan lagi side quest, puzzle, sama chest nya agar player gampang grinding polychrome🙏🙏🙏",overall bagus side quest genshin hsr tolong lebih side quest puzzle chest player gampang grinding polychrome,Negative,Positive
"Karakter hanya bisa dipakai dibattle saja, jadi percuma rasanya meng-gacha karakter tertentu jika hanya bisa dipakai dibattle saja",karakter pakai dibattle menggacha karakter pakai dibattle,Positive,Positive
Gwe senang main game ini punya pengalaman kisah cerita yg banyak dan terharu,gwe senang alam kisah cerita haru,Positive,Positive
Version 1.4 is very good,version is very good,Positive,Positive
"game sangat bagus,grafik,battle nya, char nya juga cakep cakep, bansos cukup banyak, sehat sehat game baik",bagusgrafikbattle char cakep cakep bansos sehat sehat,Positive,Positive
Perlu di stabilin lagi,stabilin,Positive,Positive
semoga saya mendapatkan karakter s caesar setelah memposting ini,moga karakter caesar memposting,Positive,Positive
Game AAA mobile terbaik🔥,mobile baik,Positive,Positive
Makasih Untuk Bansosnya Dev🤭,terima kasih bansosnya dev,Positive,Positive
good,good,Positive,Positive
"design UI, battle style, grafis, semua bagus, cuman tolong kedepannya bisa lebih optimal untuk device menengah",design ui battle style grafis bagus cuman tolong depan optimal device tengah,Positive,Positive
kenapa tidak support di MediaTek Dimensity 7025?,support mediatek dimensity,Positive,Positive
semoga game nya menjadi lebih berkembang dan menyenangkan,moga kembang senang,Positive,Positive
Gamenya keren,keren,Positive,Positive
5 star for reward anniversary.,star for reward anniversary,Positive,Positive
"Story-nya bagus, gameplay-nya asik, musiknya beh mantap. Belum lagi aset chara-nya g heran gamenya berat",storynya bagus gameplaynya asik musik beh mantap aset charanya heran berat,Positive,Positive
berat banget mantap,berat mantap,Positive,Positive
"Semoga terus dikembangkan dengan lebih baik lah di game ini dan semoga sukses selalu untuk hoyoverse dan moga untuk device minimum nya bs lebih di perbaiki bila memang terdapat kekurangan nanti saat open rilis, terima kasih",moga kembang moga sukses hoyoverse moga device minimum baik kurang open rilis terima kasih,Positive,Positive
Semoga game nya gk kikir,moga kikir,Positive,Positive
"storynya bagus graphic nya juga keren bisa memanjakan mata gameplay nya juga keren mulai dari kamera sudut pandang saat bertanrung, ulti, dan skill nya juga epic semua. overall saya sangat suka dengan game ini",storynya bagus graphic keren manja gameplay keren kamera sudut pandang bertanrung ulti skill epic overall suka,Positive,Positive
"Gim yang saya tunggu tunggu, semoga benar benar bagus dan menyenangkan!",gim tunggu tunggu moga bagus senang,Positive,Positive
"Ok, moga ga qiqir",ok moga qiqir,Positive,Positive
bagus,bagus,Positive,Positive
Yoshaa,yoshaa,Positive,Positive
Ubdep nya lama nya,ubdep,Positive,Positive
tolong desain baju nya di iniin biar ga ini banget woi,tolong desain baju iniin biar woi,Positive,Positive
anime/10,anime,Positive,Positive
Best gacha game i ever play!!!,best gacha ever play,Positive,Positive
blm dirilis aja udh ada yg kasih bintang 1😂,rilis kasih bintang,Positive,Positive
"Min, kapan ada event gacha karakter jane doe lagi?",min event gacha karakter jane doe,Positive,Positive
Nice,nice,Positive,Positive
Zzz ngorok game turu 😴💤,zzz ngorok turu,Positive,Positive
"Nooooooo Kenapa sekarang perangkat tidak kompatibel dengan versi ini 🥲😭, dan sekarang game Ini kadang ada di PlayStore kadang gak ada",no perangkat kompatibel versi kadang playstore kadang,Positive,Positive
Seru,seru,Positive,Positive
"semakin lama ciri khas dari zzz mulai di tinggalkan, seperti mode TV dan combat mission, sudah pure gooning :v",ciri khas tinggal mode tv combat mission pure gooning,Positive,Positive
mantap min,mantap min,Positive,Positive
Sudah bagus Masih bisa di mainkan untuk sekarang Paling di opimalisasikan saja untuk perangkat yang belum stabil. Karena keluhan berputar di situ sama ukuran yg besar.,bagus main opimalisasikan perangkat stabil keluh putar situ ukur,Positive,Positive
Mntp aku,mntp,Positive,Positive
Hentai,hentai,Positive,Positive
Keren,keren,Positive,Positive
best gacha game I've played since forever,best gacha ive played since forever,Positive,Positive
Terbaik dan Waifuku burnice,baik waifuku burnice,Positive,Positive
grafiknya keren,grafik keren,Positive,Positive
great game,great,Positive,Positive
"tidak ada keluhan selain dalam penggunaan ram yang cukup banyak, kalau bisa di optimalkan lagi dalam penggunaan ramnya.Terima kasih",keluh guna ram optimal guna ramnyaterima kasih,Positive,Positive
mntap,mntap,Positive,Positive
Game bagus,bagus,Positive,Positive
Game masih ada kras tolong fix dev apakah apk belum resmi secara global,kras tolong fix dev apk resmi global,Positive,Positive
Game bagus banget,bagus,Positive,Positive
Game terbaik & Battle terbaik,baik battle baik,Positive,Positive
optimalisasi nya makin ampass untuk os Android,optimalisasi ampass os android,Positive,Positive
Gamenya gak ada char yg telanjang bintang 1,char telanjang bintang,Positive,Positive
"Overall udah bagus sih,perfect",overall bagus sihperfect,Positive,Positive
game ini bagus banget saya suka😄,bagus suka,Positive,Positive
Kont,kont,Positive,Positive
nice game,nice,Positive,Positive
Game terbaik man,baik man,Positive,Positive
Mau 1st annivesar,st annivesar,Positive,Positive
Nice,nice,Positive,Positive
bagus,bagus,Positive,Positive
Good,good,Positive,Positive
"game terbaik, goated🔥",baik goated,Positive,Positive
Ellen 🤤🤤🤤🤤,ellen,Positive,Positive
plis give me luck in gacha,plis give me luck gacha,Positive,Positive
Game Gacha Terbaik,gacha baik,Positive,Positive
Nice boi,nice boi,Positive,Positive
"Thank you for the fun days, this is the second time you disappointed me, the first time when Jane's banner you gave me Nekomata and the second time when Yanagi's banner you gave me I'm Nekomata again and it makes my efforts in vain so far I think I've played this game enough so thank you.",thank you for the fun days this is the second time you disappointed me the first time when janes banner you gave me nekomata and the second time when yanagis banner you gave me im nekomata again and makes my efforts vain sok far think ive played this enough sok thank you,Positive,Positive
Tambahin Multiplayer nya dong Biar character sesama character lebih seru,tambah multiplayer biar character character seru,Positive,Positive
"I love the animation of this game, the story, the characters all the characters personalities, and the gameplay!",love the animation of this the story the characters all the characters personalities and the gameplay,Positive,Positive
keren 👍,keren,Positive,Positive
Nice,nice,Positive,Positive
Good project👍👍👍,good project,Positive,Positive
Kikir banget anj,kikir anjing,Positive,Positive
Game paling favorit😍💕,favorit,Positive,Positive
Trash!!!,trash,Positive,Positive
mantap game baik,mantap,Positive,Positive
Bagus game nya story lorenzo nya juga seru grafik nya juga bukan main-main cuy!,bagus story lorenzo seru grafik mainmain cuy,Positive,Positive
Keren game nya dan bansos juga lumayan jdi bintang 5 karena GK ad kendala ap2 udh bagus x ini game sih,keren bansos lumayan bintang kendala bagus,Positive,Positive
Bisu,bisu,Negative,Positive
minn glitch nya nambah min untuk lainnya aman udah itu benahin glitchnya dong,minn glitch tambah min aman benah glitchnya,Positive,Positive
WORST ever gacha game I've ever played,worst ever gacha ive ever played,Positive,Positive
"banyak bansos, f2p suka",bansos fp suka,Positive,Positive
I love this game,love this,Positive,Positive
.. good..,good,Positive,Positive
"Saya suka game ini, story telling nya bagus banget",suka story telling bagus,Positive,Positive
Best Game Gooners I Like 🥀🥀🥀❤️‍🩹,best gooners like,Positive,Positive
gameplay casual cukup memuaskan buat menghilangkan penat & ui simple dikemas menarik dan fresh,gameplay casual muas hilang penat ui simple kemas tarik fresh,Positive,Positive
Seru dan fresh semoga tetep baik ya min,seru fresh moga min,Positive,Positive
wow,wow,Positive,Positive
Peak Update,peak update,Negative,Positive
Makin ke sini makin keren nih game 😍🥰,keren,Positive,Positive
game nya bagus,bagus,Positive,Positive
"Improve banget dari genshin dan hsr, animasinya mulus bet sama mekanik combat yang gak bosenin, masalahnya paling cuma di storagenya aja yang agak besar.",improve genshin hsr animasi mulus mekanik combat bosan storagenya,Negative,Positive
Absolute gooning,absolute gooning,Positive,Positive
Game bagus,bagus,Positive,Positive
Seru banget gamenya🤌,seru,Positive,Positive
Gamenya sangat bagus desain karakter dan grafik game nya sangat saya suka dan saya juga suka game ini karna di game ini desain karakter² wanita nya sangat menggoda apalagi paha nya Jane doe dan saya juga sangat suka dengan desain karakter yanagi apa lagi dada nya yang sangat besar dan menggoda dan game ini memiliki mekanik yang tidak terlalu susah kecuali main satu tangan baru susah sambil melihat pahanya Jane doe ;),bagus desain karakter grafik suka suka desain karakter wanita goda paha jane doe suka desain karakter yanagi dada goda milik mekanik susah kecuali tangan susah paha jane doe,Positive,Positive
Ga bisa login selalu coba saat lagi,login coba,Negative,Positive
Ini game bagus banget sumpah storynya menarik gameplaynya juga asik terus grafiknya bagus mantep dah pokoknya,bagus sumpah storynya tarik gameplaynya asik grafik bagus mantap deh pokok,Positive,Positive
Mantap,mantap,Positive,Positive
"Tried to enjoy the game but the gameplay is too boring, what a waste of such good visual character.",tried enjoy the but the gameplay is too boring what waste of such good visual character,Positive,Positive
Artstyle nya unik sih,artstyle unik,Positive,Positive
lebih bagus dari sodaranya,bagus sodaranya,Positive,Positive
Best game ever. Suka banget sama game yang tipenya parry and dodge. Nuansanyapun dapat. Gw suka 👍👏,best ever suka tipe parry and dodge nuansa suka,Positive,Positive
Penipuan bansos katany free pull manaaaaaaaaaaa iklannnn doanggg,tipu bansos katany free pull iklan doang,Positive,Positive
yaaaa bagus,bagus,Positive,Positive
The Best,the best,Positive,Positive
Nice game,nice,Positive,Positive
"Game nya seru kyknya. Grafis nya bagus. Size nya besar, seperti Game Hoyo pada umumnya. Story nya gatau seru apa nggak, belum open server soalnya Aowkwkk.",seru kayak grafis bagus size hoyo story tau seru open server aowkwkk,Positive,Positive
"gamenya bagus, tapi tolong tambahkan cutcene panel manga nya🙏",bagus tolong tambah cutcene panel manga,Positive,Positive
"Game bagus, tp berat wkwk",bagus berat wkwk,Negative,Positive
MAJI KAKKOI !!!,maji kakkoi,Positive,Positive
saya sangat suka gameplay nya,suka gameplay,Positive,Positive
Kasih aku yang bagus hoyo🙏,kasih bagus hoyo,Positive,Positive
"Seru banget ni game, suka pokoknya. Tapi aga ngeleg2 gitu tapi tetep okaay",seru suka pokok aga ngeleg okaay,Positive,Positive
ada beberapa kendala yaitu saya tidak bisa login ke server/login padahal koneksi ku bagus,kendala login serverlogin koneksi ku bagus,Negative,Positive
Sangat bagus,bagus,Positive,Positive
"Gamenya sangat bagus dan design karakter nya bagus, walaupun gamenya kebanyakan quest story dan lain2 tpi tetap bagus, oh iya nanti di banner selanjutnya kasih tambah karakter baru cowok yg mirip2 Nekomata ya😁",bagus design karakter bagus banyak quest story bagus oh iya banner kasih karakter cowok nekomata,Positive,Positive
"its a good game, just need a little optimization",its good just need little optimization,Positive,Positive
salah satu game terbaik dari mihoyo,salah baik mihoyo,Negative,Positive
Game terbaik hoyo untuk sekarang,baik hoyo,Positive,Positive
Biasanya saya kurang suka game online. Tapi pengecualian untuk game ini. Mungkin untuk plot ceritanya dibuat lebih matang agar tidak banyak plot hole,suka online kecuali plot cerita matang plot hole,Negative,Positive
"game terbaik, seru, story bagus",baik seru story bagus,Positive,Positive
"Untuk Hoyoverse, Terima kasih banyak karena sudah memberikan subtitle ID untuk game nya❤ semoga ZZZ selalu konsisten dan selalu memberikan story, fitur dan ide menarik dalam pengembangan game nya😁👍, Sukses selalu untuk Hoyoverse dan Terima kasih atas kerja keras nya🔥😁😍👍",hoyoverse terima kasih subtitle id moga konsisten story fitur ide tarik kembang sukses hoyoverse terima kasih keras,Positive,Positive
Game ya sangat terasa baru untuk saya... amazing,amazing,Positive,Positive
"Game nya bagus, penuh warna dan yg paling terbaik ada fitur skip cerita",bagus penuh warna baik fitur skip cerita,Positive,Positive
SHITTTTT TRASH GACHAAAAA!!!!,shit trash gacha,Positive,Positive
Let's go,lets go,Positive,Positive
terimakasih game baik Zhu Yuan Saia M6,terimakasih zhu yuan saia,Positive,Positive
"makasih zzz bansosnya,cool",terima kasih bansosnyacool,Positive,Positive
"best hoyoverse game, easy to understand the story, and easier to upgrade the characters. unlike genshin.",best hoyoverse easy understand the story and easier upgrade the characters unlike genshin,Positive,Positive
Mantap seru coyy,mantap seru coyy,Positive,Positive
mantap,mantap,Positive,Positive
Mantap,mantap,Positive,Positive
Get 180 pulls for free harusnya di awal2 maen lgsung dikasih tanpa usaha. Klo harus farming dulu sampe end game ya itu namanya bukan free. Gamenya bagus dan perfect cuma sy paling benci pembohong!,get pulls for free kasih usaha farming end nama free bagus perfect benci bohong,Negative,Positive
bagus,bagus,Positive,Positive
Gamenya mantap meskipun chipset yg sy pake demensity 8050 lumayan lancar,mantap chipset pakai demensity lumayan lancar,Positive,Positive
scam,scam,Positive,Positive
terimakasih hoyoverse telah mewangikan gacha gw🥰,terimakasih hoyoverse wangi gacha,Positive,Positive
Nice game hoyo😙,nice hoyo,Positive,Positive
"Mantap, cocok buat orang yang suka game dengan ciri khas hoyoverse tetapi tidak terlalu grinding. Masih bisa lah di nikmati secara casual tanpa hardplay, battle nya menarik dengan kombo kombo ex skill dan ultimate. Story juga bagus, ya kalau story sih sudah jagonya hoyoverse, keren dengan gaya tersendiri.",mantap cocok suka ciri khas hoyoverse grinding nikmat casual hardplay battle tarik kombo kombo ex skill ultimate story bagus story jago hoyoverse keren gaya sendiri,Positive,Positive
"terbaik dah, banyak sekali bansos dan ramah f2p. semoga game ini selalu memperdulikan playernya dan selalu mendengarkan pendapat playernya",baik deh bansos ramah fp moga duli playernya dengar dapat playernya,Positive,Positive
tidak bisa login ke akun saya. saya login menggunakan akun goggle saya tapi verifikasi googlenya di email orang lain,login akun login akun goggle verifikasi googlenya email,Positive,Positive
Mantap sekali,mantap,Positive,Positive
Good game hoyoverse,good hoyoverse,Positive,Positive
I'm so excited for this game,im sok excited for this,Negative,Positive
Love ittt,love,Positive,Positive
Gamenya keren grafik mantap mekanismenya seru gemplay fun karakternya mantap,keren grafik mantap mekanisme seru gemplay fun karakter mantap,Positive,Positive
Seru kuy,seru yuk,Positive,Positive
perangkat tidak kontiable 🗿,perangkat kontiable,Positive,Positive
"aku suka jiggle efeknya hoyo mantap, kerja bagus",suka jiggle efek hoyo mantap bagus,Positive,Positive
game nya bavus bgt ya tapi rada bgelek aja sih,bavus rada bgelek,Positive,Positive
Mantap udah kompatibel sekarang,mantap kompatibel,Positive,Positive
game nya sudah bagus tapi kadang suka ada leg dikit mungkin device saya yang Ttdk terlalu bagus tapi saya tetap enjoy main nya,bagus kadang suka leg dikit device ttdk bagus enjoy,Positive,Positive
keren,keren,Positive,Positive
"saya suka game ini karna dada nya goyang goyang Ama bagian belakang nya, apalagi pake karakter kek Jane doe beh SEGAR 🐺🐺🐺🐺",suka dada goyang goyang pakai karakter jane doe beh segar,Negative,Positive
KEREN,keren,Positive,Positive
Game nya bagus tapi loding nya lama Tolong diperbaiki,bagus loding tolong baik,Positive,Positive
Im short on materials...,im short on materials,Positive,Positive
fix ur design bru,fix ur design,Positive,Positive
belum optimal di device ku,optimal device ku,Positive,Positive
losing 75:25 twice in a row is super impressive,losing twice row is super impressive,Negative,Positive
krennn,keren,Positive,Positive
bagus,bagus,Positive,Positive
Terima kasih game baik,terima kasih,Positive,Positive
"mantap, main lagi karna hp dah sanggup langsung dikasih karakter seed + senjatanya 👍 padahal masih pemula",mantap hp deh sanggup kasih karakter seed senjata mula,Positive,Positive
"Gameplay nya udh the best buat device menengah,tapi kalo mau kualitas high emng perlu dibandingkan Ama hp spek atas jadi untuk story game nya juga oke not bad,untuk saran jangan terlalu maen lama2 itu ngebuat hp ngedrop(kalo make grafis high+60fps)pokoknya rata kanan lah(tergantung devicenya kuat ap gk) jadi thanks bet game ZZZ approve kali Yo!!",gameplay the best device menengahtapi kualitas high banding hp spek story oke not baduntuk saran ngebuat hp ngedropkalo pakai grafis highfpspokoknya rata kanan lahtergantung devicenya kuat thanks approve,Positive,Positive
best game,best,Positive,Positive
"game dengan seni desain grafis yang sangat bagus, saya pribadi sangat menyukai hal apapun didalam game ini (kecuali sesuatu fan service yg berlebihan)",seni desain grafis bagus pribadi suka apa dalam kecuali fan service,Positive,Positive
Gem ny mantap bagus njalanin quest ny sampai ketiduran ini gem gacor bgt,gem mantap bagus njalanin quest tidur gem gacor,Positive,Positive
"sangat seru, aku berharap aku bisa memainkannya lagi",seru harap main,Positive,Positive
Pokokny bagus,pokokny bagus,Positive,Positive
Moga teori bintang lima dapet Zhu Yuan,moga teori bintang zhu yuan,Positive,Positive
Game play nya sangat mantap,play mantap,Positive,Positive
dari segi game play nya seru cuma minta tambahin event nya aja.sama di lancarin lagi game nya.kadang kadang sering kekuar sendiri,segi play seru tambah event ajasama lancarin nyakadang kadang kuar,Positive,Positive
gua main di PC sih tapi ini ⭐5 hahaha,gua pc hahaha,Negative,Positive
"Pertama kali bener bener suka game gacha dari hoyo,combat style dan puzzle style nya luar biasa",suka gacha hoyocombat style puzzle style,Positive,Positive
Bagus dan uninstall,bagus uninstall,Positive,Positive
mantab,mantab,Positive,Positive
tidak bisa di downnload,downnload,Positive,Positive
Terimakasih Game Baik.,terimakasih,Positive,Positive
(sebuah Keinginan) pada Anniversary yang akan datang Aku Berharap Hoyo Merilis Swimsuit Miyabi mengingat Fanbasenya yang Besar Suit ini Bisa Jadi Uang tambahan untuk pengembangan Lore/ZZZ yang akan datang,anniversary harap hoyo rilis swimsuit miyabi fanbasenya suit uang tambah kembang lorez,Positive,Positive
best Gooner game,best gooner,Positive,Positive
Mantap gameplaynya cuma kurang suka modelan TVnya aja sisanya oke sih,mantap gameplaynya suka model tvnya sisa oke,Positive,Positive
very laggy for mobile,very laggy for mobile,Positive,Positive
Ga di instal ajg,instal ajg,Positive,Positive
Fitur gacha yang bagus,fitur gacha bagus,Positive,Positive
"Tanpa adanya fitur tv, game ini terasa seperti game AAA biasa yang membosankan😮‍💨🥱",fitur tv bosan,Positive,Positive
"STORY GOAT,KARAKTER AUTO KLAIM,RECOIL JANGAN DITANYA,BANSOS APALAGI.good job hoyo",story goatkarakter auto klaimrecoil ditanyabansos apalagigood job hoyo,Positive,Positive
"Secara keseluruhan sangat worth it main game ini, saya sangat suka mulai dari nuansa urbannya ditambah style dan gaya bertarung yang modern dan kekinian, saya berharap game ini masih bisa terus dikembangkan, meskipun memang berat untuk dimainkan di mobile tapi tetap bagus.",worth suka nuansa urban tambah style gaya tarung modern kini harap kembang berat main mobile bagus,Positive,Positive
Tidak bisa saya instal,instal,Positive,Positive
gw harap kedepannya makin hebat ini game dan makin good. saran dari gw aja game rpg ini lebih ke story dan film jadi gw harap pas mau menjalankan quest utama jangan diselipkan mengerjakan dulu quest sampingan,harap depan hebat good saran rpg story film harap pas jalan quest utama selip quest samping,Negative,Positive
"game e seru, character dan story nya top",seru character story top,Positive,Positive
Saya berharap support 90 dan 120 fps itu saja selebihnya memuaskan,harap support fps lebih muas,Positive,Positive
Sehat² game baik,sehat,Positive,Positive
Bagus,bagus,Positive,Positive
Istri ku semua 🥰🥰🥰🥰🥰❤️❤️❤️❤️😋😋😋,istri ku,Positive,Positive
Peak game,peak,Positive,Positive
"Gameplay lumayan asik, grafis dan visual bagus, dan game nya udh optimize di device Poco F4 lancar set rata kanan. Keluhan palingan di puzzle TV nya bikin kesel, selebihnya enjoyable. Combat nya emg g se fluid PGR atau hi3, tapi msh enak² aja lah.",gameplay lumayan asik grafis visual bagus optimize device poco lancar set rata kanan keluh paling puzzle tv bikin kesel lebih enjoyable combat fluid pgr hi,Positive,Positive
"Story bagus, ringan, istilahnya gak rumit, dibanding kakaknya HSR yang story nya rumit pakai istilah ribet, ZZZ lebih santai. Isinya gameplay 30%, sisanya story, jadi sebisa mungkin story diikutin. Grafik mantep, sama kayak game hoyoverse lainnya.",story bagus ringan istilah rumit banding kakak hsr story rumit pakai istilah ribet santai isi gameplay sisa story bisa story diikutin grafik mantap hoyoverse,Negative,Positive
i love this game,love this,Positive,Positive
Udah bagus nggak FC lagi... Semangat terus...,bagus fc semangat,Positive,Positive
mantap,mantap,Positive,Positive
GG KANG !!!!!,kang,Positive,Positive
setidaknya 20 kali spin dapat Tier s,spin tier,Positive,Positive
Sangat menyenang menjadi seorang Proxy. Teruslah improvisasi agar menjadi lebih baik,senang proxy terus improvisasi,Positive,Positive
Satisfying,satisfying,Positive,Positive
jual fan service,jual fan service,Positive,Positive
seru tapi agak berat di hapeku.,seru berat hapeku,Positive,Positive
keren,keren,Positive,Positive
"bagus sih dari segi gameplay battle nya, tpi kebanyakan story juga",bagus segi gameplay battle banyak story,Positive,Positive
ALWAYS LOSING AND PITY,always losing and pity,Positive,Positive
Bisa-bisanya hoyo nyiptain game se master piss ini,bisabisanya hoyo nyiptain master piss,Negative,Positive
bagus😋,bagus,Positive,Positive
I love this game,love this,Positive,Positive
game terbaik,baik,Positive,Positive
bagus min tambahin skin gapake baju,bagus min tambah skin pakai baju,Positive,Positive
gameplay mantap,gameplay mantap,Positive,Positive
Wow,wow,Positive,Positive
"Gameplay not recommended, only story telling game",gameplay not recommended only story telling,Positive,Positive
"Cant compatibel to my device, please make it compatible :( 🙏",cant compatibel my device please pakai compatible,Negative,Positive
overall is amazing,overall is amazing,Positive,Positive
Game udah bagus tapi mohon di perbaiki pencantuman nama Seth berubah jadi Ben di mission friendship Seth,bagus baik cantum nama seth ubah ben mission friendship seth,Positive,Positive
"Game nya seru, kontennya juga banyak. Ada sistem nangkis dan menghindar. Karakternya juga ekspresif",seru konten sistem nangkis hindar karakter ekspresif,Positive,Positive
Give us free gacha 180x,give us free gacha,Positive,Positive
game bokep nya bagus,bokep bagus,Negative,Positive
jern sih ini!,jern,Positive,Positive
"Yah cukup menyenangkan dan seru untuk dimainkan, apalagi saya lagi sangat bosan ngescroll sosmed.",senang seru main bosan ngescroll sosmed,Positive,Positive
nice game,nice,Positive,Positive
Cuih,cuih,Positive,Positive
"Ost Game Ini Paling Ku suka Terus battle combat nya top, parry dodge perfect dah game ini",ost ku suka battle combat top parry dodge perfect deh,Positive,Positive
best developer & improvement game. Nice gooning culture btw😎,best developer improvement nice gooning culture btw,Positive,Positive
Bagus gamenya ☺️ lebih santai juga sihhh 😃,bagus santai,Positive,Positive
Good game,good,Positive,Positive
udh jadi gim gooner,gim gooner,Positive,Positive
"baru saja meliat apa yang akan saya hadapi di Season 3, tolong perbaiki desain karaktermu itu, dengarkan fanbase mu yang mengkritik dengan bagus, hal ini membuat saya makin malas untuk bermain dengan desain baru yang generik itu",liat hadap season tolong baik desain karakter dengar fanbase mu kritik bagus malas main desain generik,Positive,Positive
Smooth parah gem nya mantap,smooth parah gem mantap,Positive,Positive
"Maaf untuk dev dan Hoyoverse, saya tidak bisa menilai lebih lanjut dikarenakan data base yang cukup besar, kemungkinan jikalau saya meng-upgrade device saya saat ini barulah bisa saya merasakan sensasi bermain game RPG yang satu ini, jujur menarik, tetapi saya tidak dapat menikmati game ini secara langsung, terimakasih",maaf dev hoyoverse nilai data base mengupgrade device baru rasa sensasi main rpg jujur tarik nikmat terimakasih,Positive,Positive
"game yang sangat bagus , mungkin bisa ditambahkan pengaturan lebih detail supaya bisa menyesuaikan agar game makin lancar dan nyaman dimainkan",bagus atur detail sesuai lancar nyaman main,Positive,Positive
Bosan,bosan,Positive,Positive
Nyoba di redmi 13c 🗿,coba redmi,Negative,Positive
Bagus,bagus,Positive,Positive
Game bagus baru mulai dapat 2 S rank Koleda sama soldier 11 memudahkan push story + lucy + bangbo S tier mantap sering2 kasih bansos event banyak,bagus rank koleda soldier mudah push story lucy bangbo tier mantap kasih bansos event,Positive,Positive
game online make me life,online pakai me life,Negative,Positive
"Combat nya seru sih, cmn kadang suka ngcrash -_'",combat seru cuman kadang suka ngcrash,Positive,Positive
Nice game,nice,Positive,Positive
sangat bagus,bagus,Positive,Positive
2.6 is Disgusting and forced patch 🤮,is disgusting and forced patch,Positive,Positive
"secara keseluruhan bagus sih. Cuma optimalisasi gamenya kurang optimal, ditambah banyak bug nya.",bagus optimalisasi optimal tambah bug,Positive,Positive
nice,nice,Positive,Positive
I LOVEE THIS GAMEE SM,lovee this gamee,Positive,Positive
Alamak perangkat tidak kompetitable☠️,alamak perangkat kompetitable,Positive,Positive
Ok,ok,Positive,Positive
makasih yaaa udah bikin game sebagus ini dan tolong bnykin fitur geol-geolnya yaa utk ke depan nya 😁😁😁,terima kasih bikin bagus tolong bnykin fitur geolgeolnya,Positive,Positive
Perlu di tingkatkan optimasinya,tingkat optimasinya,Positive,Positive
ok juga,ok,Positive,Positive
gamenya bagus seru. saya suka banget untuk animasi storynya bagus mulus. bagi para pencinta anime cocok main game ini. battle nya juga seru.,bagus seru suka animasi storynya bagus mulus cinta anime cocok battle seru,Positive,Positive
"game nya menarik, mulai dari grafis, story, gacha itu bener-bener unik. Terutama battle dan cut scene story. untuk ngelag sejauh ini belum ada, lancar lancar aja",tarik grafis story gacha benerbener unik battle cut scene story ngelag lancar lancar,Positive,Positive
I love yanagi🌸,love yanagi,Positive,Positive
best gooner game walaupun graphic di mobile kurang tapi gameplay bagus,best gooner graphic mobile gameplay bagus,Positive,Positive
sangat bagus rekomended untuk yang hp krntang soalnya datanya cuman 17 mb,bagus rekomended hp krntang data cuman mbak,Negative,Positive
Game nya keren bisa pake mode malam sampai gak liat apa apa,keren pakai mode malam,Positive,Positive
"sehatt"" game baikk🥰 makasii udahh wangiin akun aku cintaa deh sama game inii",sehatt makasii wangiin akun cintaa deh,Positive,Positive
Game keren wow,keren wow,Positive,Positive
pengalaman terbaik dalam game ini adalah semua aspek nya,alam baik aspek,Negative,Positive
"game bagus, saya enjoy sekali memainkan game zzz karena boing boing",bagus enjoy main boing boing,Positive,Positive
Best Gooner Game,best gooner,Positive,Positive
"saya suka jenis game yang tidak terlalu kompe dan santai seperti ini, grafiknya juga sudah cukup bagus walaupun grafiknya yang saya pakai low. Jadi game ini lumayan seru untuk saya",suka jenis kompe santai grafik bagus grafik pakai low lumayan seru,Positive,Positive
"TV mode dihilangkan di story untuk apa? Itu ciri khas gamenya. Dilhilangkan malah mirip sm HI3, jd gk ada ciri khasnya",tv mode hilang story ciri khas dilhilangkan hi ciri khas,Positive,Positive
Bgus kok,bagus,Positive,Positive
"Banner limitednya jangan diperlama dapatnya setelah banner standard, kenapa harus dihard pity keduanya.",banner limitednya lama dapat banner standard dihard pity,Negative,Positive
Nice game,nice,Positive,Positive
game terbaik dari hoyo,baik hoyo,Positive,Positive
Kikir ga ni?😹😹😹,kikir,Positive,Positive
akhirnya balik di playstore 😭😭😭,playstore,Positive,Positive
zi best mobile goty this yer,zi best mobile goty this yer,Positive,Positive
best game ever,best ever,Positive,Positive
sudah mulai optimal,optimal,Positive,Positive
Mantap,mantap,Positive,Positive
"Gameplay seru, grafis memukau, dan yang paling penting developer sangat mendengar masukan pemain",gameplay seru grafis pukau developer dengar masuk main,Positive,Positive
Nice grafik,nice grafik,Positive,Positive
The next game kikir 180 free gacha hoax,the next kikir free gacha hoax,Positive,Positive
"I hope this game have a PvP mode, maybe that's amazing if can battle with other people",hope this have pvp mode maybe thats amazing if can battle with other people,Positive,Positive
Seru,seru,Positive,Positive
Best game dri Hoyoverse👍🏻,best hoyoverse,Positive,Positive
Hari ini rilis kasih aku doble B5 😤😤,rilis kasih doble,Positive,Positive
I like Anby and Ellen,like anby and ellen,Positive,Positive
Tolong grafik nya di perbaiki jadi makin mulus dan hd efek serangan nya,tolong grafik baik mulus hd efek serang,Negative,Positive
Give me a character with the appearance and feel like Acheron. And voice actors like Acheron both English and Mandarin and also my favorite voice actor Japanese Miyuki Sawashiro,give me character with the appearance and feel like acheron and voice actors like acheron both english and mandarin and also my favorite voice actor japanese miyuki sawashiro,Positive,Positive
"Nice story, nice grapich, nice music 👌🏻",nice story nice grapich nice music,Positive,Positive
ga bagus,bagus,Positive,Positive
all good,all good,Positive,Positive
"Alhamdulillah udah gaada quest tv lagi, udh diapus! akhirnya bisa pure berantem sama jalan jalan mantap bintang 5 langsungg",alhamdulillah quest tv diapus pure antem jalan jalan mantap bintang langsungg,Positive,Positive
Seru,seru,Positive,Positive
Woilah gorengan rek,woilah goreng rek,Negative,Positive
Overall sudah cukup bagus harapan saya kedepannya untuk optimasi dan peningkatan grafis untuk perangkat Android,overall bagus harap depan optimasi tingkat grafis perangkat android,Positive,Positive
Gooner game good 😎,gooner good,Positive,Positive
"game bagus banget🤩. story bagus, cutscene bagus, char bagus, cuman gachanya yg ampas🤣",bagus story bagus cutscene bagus char bagus cuman gachanya ampas,Positive,Positive
Seru,seru,Positive,Positive
saya suka,suka,Positive,Positive
"Ini game seru, gue suka dengan style dan animasi yg smooth, kalau hp kentang jangan maksa main nya",seru suka style animasi smooth hp kentang maksa,Positive,Positive
